t,accel_x,accel_y,accel_z,gyro_x,gyro_y,gyro_z
0.21780991554260254,0.8201945424079895,-0.4231102168560028,-0.3335835635662079,0.13331590592861176,0.00445772148668766,-0.03374128416180611
0.34603333473205566,0.8172852396965027,-0.4426495134830475,-0.34973248839378357,0.06931215524673462,0.03021310828626156,-0.040961943566799164
0.3802022933959961,0.7925556898117065,-0.43396538496017456,-0.35190173983573914,-0.03049694187939167,-0.014382744207978249,0.016786444932222366
0.41434144973754883,0.822376549243927,-0.420697957277298,-0.340091347694397,-0.10347016155719757,-0.05307600647211075,-0.03063994273543358
0.4414329528808594,0.8027384281158447,-0.449645072221756,-0.291885644197464,-0.026448069140315056,-0.047506507486104965,0.0036615459248423576
0.4685802459716797,0.8335290551185608,-0.4585704505443573,-0.28827017545700073,0.06900250911712646,0.050606753677129745,-0.0021056197583675385
0.4991610050201416,0.7978894710540771,-0.43927234411239624,-0.3492504358291626,0.0566362626850605,0.010416058823466301,0.08856914937496185
0.526343822479248,0.8182549476623535,-0.41949182748794556,-0.32779887318611145,0.00964810699224472,-0.02981540933251381,-0.012959343381226063
0.5604767799377441,0.833044171333313,-0.4431319832801819,-0.32297831773757935,0.01782827079296112,0.014668773859739304,-0.052182041108608246
0.587674617767334,0.7845549583435059,-0.44071972370147705,-0.34226056933403015,0.028658032417297363,0.004693923983722925,0.02148270048201084
0.6147482395172119,0.8454089164733887,-0.4450617730617523,-0.32297831773757935,0.026674892753362656,-0.039228662848472595,-0.023923249915242195
0.645362377166748,0.822376549243927,-0.4279347360134125,-0.33093225955963135,0.017422828823328018,-0.016425760462880135,0.016478314995765686
0.6724231243133545,0.8604405522346497,-0.4298645555973053,-0.34708115458488464,0.02795065939426422,-0.035019196569919586,-0.14544521272182465
0.706719160079956,0.9009290337562561,-0.4923420548439026,-0.33117327094078064,0.10369794815778732,-0.046625636518001556,-0.17171241343021393
0.7342252731323242,0.9486908912658691,-0.4146673083305359,-0.3808251619338989,-0.001286230981349945,-0.18482926487922668,0.34877145290374756
0.7700541019439697,0.9292952418327332,-0.29863765835762024,-0.4261385500431061,-0.14819931983947754,-0.33326950669288635,0.7281187772750854
0.8010053634643555,0.9816635251045227,-0.46025902032852173,-0.32321932911872864,0.09981197118759155,-0.41420915722846985,0.914738118648529
0.8404009342193604,1.0691865682601929,-0.4421670734882355,-0.37865591049194336,1.832836627960205,-0.6051045656204224,1.1786317825317383
0.8715157508850098,1.0236066579818726,-0.44675037264823914,-0.5037497282028198,2.6211583614349365,-0.7138385772705078,1.2669018507003784
0.934241533279419,0.8017686605453491,-0.2742738425731659,-0.6440284252166748,1.0084739923477173,-1.0745545625686646,1.1209050416946411
0.9641609191894531,0.7578859329223633,-0.5618151426315308,-0.5047138333320618,0.4266248643398285,-1.2190241813659668,0.5598254203796387
1.0068628787994385,0.7535219192504883,-0.8725140690803528,-0.43794894218444824,0.208545982837677,-1.067224144935608,0.2510330080986023
1.038689136505127,0.7767967581748962,-0.778194785118103,-0.4974829852581024,0.5286393761634827,-1.0314885377883911,0.34388452768325806
1.0629980564117432,0.6010234355926514,-0.7007612586021423,-0.4512054920196533,-1.6154977083206177,-1.2501782178878784,0.9849876165390015
1.0958523750305176,0.632783830165863,-1.0691132545471191,-0.31478333473205566,-2.8949549198150635,-1.191840648651123,0.7830966711044312
1.1284170150756836,0.6737571954727173,-1.2196382284164429,-0.4847084879875183,-2.7688112258911133,-1.3598285913467407,0.4513968229293823
1.1633896827697754,0.3297264277935028,-0.913040041923523,-0.34346574544906616,-2.1750500202178955,-1.5953171253204346,1.9281635284423828
1.2037911415100098,0.37482139468193054,-1.2497913837432861,-0.17739704251289368,-0.4069007635116577,-1.392815351486206,1.530795693397522
1.23305082321167,0.30184516310691833,-0.6513099670410156,-0.24030549824237823,-0.1356765776872635,-0.868692934513092,1.9510709047317505
1.2648565769195557,0.25141641497612,-0.8220978379249573,-0.22704893350601196,-0.1961522400379181,-0.5724232792854309,1.8374500274658203
1.292018175125122,-0.07627221941947937,-0.5934157371520996,-0.33117327094078064,-0.6704890727996826,-0.5675363540649414,1.930301547050476
1.3261020183563232,-0.3421142101287842,-0.7769885659217834,-0.2610339820384979,-0.5211325287818909,-0.3360183835029602,1.8640226125717163
1.3607959747314453,-0.34063318371772766,-0.6001700162887573,-0.32442450523376465,0.31850171089172363,0.03416593372821808,1.6267014741897583
1.3860852718353271,-0.1318102329969406,-0.28585267066955566,-0.532673180103302,0.3294973075389862,0.4461945593357086,1.7846101522445679
1.4137799739837646,0.06449060887098312,-0.32782599329948425,-0.5300219058990479,-0.7514287233352661,0.6896243095397949,1.5347663164138794
1.447126865386963,0.19638119637966156,-0.16403360664844513,-0.5738890767097473,-0.009838342666625977,0.8356211185455322,1.024388313293457
1.472473382949829,0.19613873958587646,-0.37100544571876526,-0.5996791124343872,0.6410385966300964,0.7177241444587708,0.590063214302063
1.4977784156799316,0.23177829384803772,-0.6542046070098877,-0.5517144203186035,1.2109757661819458,0.8912098407745361,0.22904184460639954
1.5238721370697021,0.2637811601161957,-0.6585466861724854,-0.6505361795425415,1.8954503536224365,1.1685426235198975,-0.1335066705942154
1.5495049953460693,0.13455748558044434,-0.6438319087028503,-0.7160959243774414,1.6306402683258057,0.7980529069900513,-0.6032620072364807
1.5812551975250244,-0.14069633185863495,-0.9065269231796265,-1.0484743118286133,0.09584134817123413,-0.0776224136352539,-0.3711332678794861
1.6172699928283691,-0.17895585298538208,-0.6595115661621094,-0.8057585954666138,0.38325342535972595,0.10960778594017029,0.22720925509929657
1.6564104557037354,-0.10169629007577896,-0.575323760509491,-0.32466551661491394,-0.9991346001625061,0.7800323963165283,-0.26209378242492676
1.7022645473480225,0.5183494091033936,-0.6281522512435913,0.5563599467277527,-0.6255905032157898,2.0750668048858643,-0.49055737257003784
1.7402749061584473,0.5042874813079834,-0.9779297709465027,-2.219391345977783,2.025259256362915,1.149300456047058,0.2354559302330017
1.7835853099822998,0.7818880677223206,-0.9279959797859192,-0.5278525948524475,-0.739822268486023,1.6508207321166992,-1.1548733711242676
1.8262605667114258,-0.18093052506446838,-0.546376645565033,-0.29140356183052063,-0.10116270184516907,1.166099190711975,-0.013166218996047974
1.8662240505218506,0.1556502729654312,-1.0589816570281982,-0.6163101196289062,0.5188655257225037,1.3799020051956177,-0.1234273910522461
1.9284005165100098,0.3321509063243866,-0.31383490562438965,-0.3935996890068054,0.9363919496536255,0.8185169100761414,-0.7489534020423889
1.9691166877746582,0.36827534437179565,-0.841395914554596,-0.6061868667602539,-0.7780013680458069,0.4770432412624359,-0.2602612376213074
2.0057411193847656,0.4107033610343933,-0.7137874364852905,-0.379861056804657,-0.3629184663295746,-0.2654634714126587,-0.2642318606376648
2.0731191635131836,0.37676095962524414,-0.8011112213134766,-0.42830780148506165,-0.16194379329681396,-0.4823206067085266,-0.3094358444213867
2.1069552898406982,0.4696177542209625,-0.7294670939445496,-0.5420733094215393,0.9238691926002502,-0.3451813757419586,-0.33203786611557007
2.1417043209075928,0.45313143730163574,-0.6995550990104675,-0.6968136429786682,0.34782326221466064,-0.06693226099014282,-0.6008185744285583
2.179816722869873,0.5307140946388245,-0.8474265933036804,-0.5613555908203125,0.1981612741947174,0.1603095978498459,-0.6365541815757751
2.2270700931549072,0.4972565770149231,-0.6486564874649048,-0.44759008288383484,0.23298057913780212,0.16366936266422272,-0.5226278305053711
2.3053183555603027,0.4846493899822235,-0.5685694217681885,-0.4434926211833954,-0.18424037098884583,0.05707337707281113,-0.5256821513175964
2.3361921310424805,0.4230681359767914,-0.7451468110084534,-0.4468669891357422,-0.012281805276870728,-0.07670611143112183,-0.3048543930053711
2.364168882369995,0.5765363574028015,-0.5992051362991333,-0.4702467918395996,-0.018390458077192307,-0.12985138595104218,-0.29202622175216675
2.3932278156280518,0.6092665791511536,-0.6580642461776733,-0.41697946190834045,-0.12132124602794647,0.0683743804693222,-0.28164148330688477
2.418710708618164,0.43640264868736267,-0.6911121606826782,-0.6618645191192627,0.005127854645252228,-0.1286296546459198,0.02348569594323635
2.5762293338775635,0.6960622072219849,-0.5145348310470581,-0.43963614106178284,-0.12040495872497559,-0.029364053159952164,-0.031797606498003006
2.634866714477539,0.578718364238739,-0.677362322807312,-0.5124267935752869,-0.05621938407421112,0.018877048045396805,0.02669456973671913
2.6598846912384033,0.515440046787262,-0.6450380682945251,-0.6090792417526245,0.01586271822452545,0.04789314791560173,0.2597396671772003
2.719367742538452,0.22789916396141052,-0.8635886907577515,-0.5112216472625732,0.16735729575157166,-0.6723169684410095,0.8446431159973145
2.745638608932495,0.44828251004219055,-0.836571455001831,-0.4193897247314453,-0.3359956741333008,-0.420335054397583,1.3901457786560059
2.773138999938965,0.20074522495269775,-0.7844666242599487,-0.5355654954910278,0.7840257883071899,-0.5443406701087952,1.9185442924499512
2.8091928958892822,0.29190489649772644,-0.6870113015174866,-0.4957958161830902,0.7501227855682373,-0.5281527638435364,1.8754782676696777
2.8448069095611572,0.4281595051288605,-0.9921621084213257,-0.7363423109054565,1.6557304859161377,-0.3659680485725403,2.2215335369110107
2.998203754425049,-0.12884820997714996,-0.4725615382194519,-0.16703280806541443,0.878404438495636,0.0442279577255249,1.4903275966644287
3.0564868450164795,-0.07084183394908905,-0.8672071099281311,-0.6160690188407898,0.3405376076698303,-0.2731165289878845,1.5676021575927734
3.120361566543579,-0.10465831309556961,-0.856351912021637,-0.3012857437133789,0.3832981586456299,-0.7211861610412598,0.6568020582199097
3.150631904602051,-0.07479120045900345,-1.161020278930664,-0.47795969247817993,0.42514240741729736,-0.34092259407043457,0.7817240357398987
3.1880011558532715,-0.23029766976833344,-0.7755413055419922,-0.6358334422111511,1.2974580526351929,-0.1985909789800644,0.935356616973877
3.2134768962860107,-0.03677850961685181,-0.7876026034355164,-0.49218037724494934,0.7369891405105591,-0.13109037280082703,-0.1229674220085144
3.370821475982666,-0.3302660882472992,-0.719818115234375,-0.3921535313129425,-1.630419135093689,-0.47409120202064514,0.01569899544119835
3.4226186275482178,-0.06343676149845123,-0.8151023387908936,-0.7951532602310181,0.4413303732872009,-0.32259663939476013,-0.3694515526294708
3.4546875953674316,-0.16932925581932068,-0.9173820614814758,-0.5591862797737122,-1.432498812675476,-0.10879378020763397,-0.7436065077781677
3.480394124984741,-0.17426596581935883,-1.0281047821044922,-0.6729518175125122,0.29350095987319946,-0.13047951459884644,-0.7258914113044739
3.5391080379486084,-0.1029304638504982,-0.8732377290725708,-0.581360936164856,0.3280148506164551,-0.4411044716835022,-0.42962175607681274
3.5650744438171387,0.13237546384334564,-0.5304557681083679,-0.5319501161575317,0.45965635776519775,-0.15613584220409393,-0.2539980113506317
3.5994482040405273,0.18086466193199158,-0.7301907539367676,-0.6257101893424988,-0.6295164227485657,-0.29052621126174927,-0.1739746630191803
3.630979537963867,0.13916395604610443,-0.5085041522979736,-0.21258720755577087,0.9749211072921753,-0.06939297914505005,0.06670624017715454
3.7829174995422363,0.1641358882188797,-0.9166584014892578,-0.5748531818389893,-0.3246946334838867,0.5668231844902039,0.3834398686885834
3.835949182510376,-0.1362532675266266,-0.930167019367218,-0.5574991106987,0.09374803304672241,0.4501478970050812,0.1696370393037796
3.8715806007385254,0.27202433347702026,-1.09371817111969,-0.5203807353973389,0.6184812784194946,0.19511166214942932,-0.06524065136909485
3.921839952468872,-0.15106341242790222,-0.8440494537353516,-0.4863957166671753,1.1765066385269165,0.39119940996170044,0.2203388512134552
3.9511725902557373,-0.14044947922229767,-0.821856677532196,-0.6927161812782288,0.16827359795570374,0.49718454480171204,-0.13426841795444489
3.9854350090026855,-0.07108866423368454,-0.8319881558418274,-0.39769718050956726,0.06503736972808838,0.467862993478775,-0.005375854671001434
4.105795383453369,-0.08194944262504578,-0.9786534905433655,-0.42637959122657776,0.23760680854320526,0.578429639339447,-0.28209781646728516
4.18290901184082,-0.04591142758727074,-0.8052120208740234,-0.36274802684783936,0.04579511284828186,0.25986337661743164,-0.5982205867767334
4.233492374420166,-0.03751901909708977,-0.8348827958106995,-0.4707288146018982,0.1847669631242752,0.024985700845718384,-0.22314931452274323
4.290940046310425,-0.09626590460538864,-0.9185882210731506,-0.34997349977493286,0.18415609002113342,0.06560824066400528,-0.3816688358783722
4.324143171310425,0.01260718796402216,-0.7719228863716125,-0.6623465418815613,-0.09042783081531525,0.09218087792396545,-0.3605940043926239
4.359917402267456,-0.10465831309556961,-0.9581493139266968,-0.411676824092865,0.06137217581272125,0.10714708268642426,-0.32272034883499146
4.5202860832214355,0.07152154296636581,-0.7856727838516235,-0.5314680337905884,0.09863495826721191,0.13249798119068146,-0.07043300569057465
4.5504631996154785,-0.0466519370675087,-0.9810656905174255,-0.47265708446502686,0.04029732942581177,-0.023578085005283356,-0.2533871531486511
4.599029064178467,-0.013329125009477139,-0.8508037328720093,-0.3998664319515228,0.057096123695373535,0.09065371751785278,0.014171832241117954
4.654561758041382,-0.002715192036703229,-0.9528422951698303,-0.4835033416748047,0.03663213551044464,0.09370803833007812,-0.053939640522003174
4.680028200149536,0.04727695509791374,-0.856351912021637,-0.44108232855796814,0.07145145535469055,0.12272414565086365,-0.10586318373680115
4.708099842071533,0.046792060136795044,-0.8536984324455261,-0.4478311240673065,-0.03758799284696579,0.07293862104415894,-0.09486761689186096
4.739749431610107,-0.03159496188163757,-0.8903648257255554,-0.41215887665748596,-0.05896827578544617,0.008797772228717804,-0.18191590905189514
4.792237997055054,-0.13082289695739746,-0.8896411061286926,-0.4324052929878235,-0.00521213561296463,0.09798410534858704,0.38893765211105347
4.93124532699585,-0.2389369010925293,-0.9398161172866821,-0.427102655172348,-0.20282703638076782,-0.09382759034633636,0.33915215730667114
4.981420516967773,-0.18093052506446838,-0.9665921926498413,-0.49531373381614685,-0.09103870391845703,-0.005252128466963768,0.33884671330451965
5.014991760253906,-0.11502540856599808,-0.9176233410835266,-0.5242371559143066,-0.24344958364963531,0.005132581107318401,0.4982825517654419
5.065951824188232,-0.17895585298538208,-0.9342678785324097,-0.47000572085380554,-0.4764946699142456,-0.2480710744857788,0.43017107248306274
5.097524166107178,-0.11502540856599808,-0.8780622482299805,-0.5051959156990051,-0.5201715230941772,-0.5205169320106506,0.5138596296310425
5.132919549942017,-0.09873425960540771,-0.8978427648544312,-0.5307449698448181,-1.127982497215271,-0.580992579460144,0.30952519178390503
5.234671115875244,0.009212944656610489,-0.8148610591888428,-0.6346282958984375,0.030523478984832764,-0.912997841835022,-0.29156622290611267
5.325937032699585,0.1755308359861374,-0.677121102809906,-0.6172742247581482,-0.05133245885372162,-0.8971153497695923,-0.47910183668136597
5.372452735900879,0.30717897415161133,-0.5869026184082031,-0.5047138333320618,0.13711947202682495,-0.6915591955184937,-0.4561944007873535
5.398728847503662,0.2606293559074402,-0.6006524562835693,-0.7344141006469727,-0.11608417332172394,-0.4414099156856537,-0.3007292151451111
5.453608512878418,0.2448703795671463,-0.6016173958778381,-0.6211307048797607,-0.39372241497039795,-0.411172091960907,-0.28698474168777466
5.479663133621216,0.27760058641433716,-0.6071655750274658,-0.5261653661727905,0.2620413899421692,-0.2783088982105255,-0.23383945226669312
5.511621713638306,0.3178465962409973,-0.5024735331535339,-0.6305307745933533,0.20431463420391083,0.14807504415512085,0.050212882459163666
5.543040037155151,0.1607416421175003,-0.4151497781276703,-0.6531874537467957,0.6572712659835815,0.5677394866943359,0.7020061016082764
5.706704139709473,0.04097335785627365,-0.957425594329834,-0.5707557201385498,0.8726012110710144,0.6389052867889404,0.34495535492897034
5.7671449184417725,-0.10934819281101227,-0.749971330165863,-0.6305307745933533,1.1004539728164673,0.6569257974624634,0.2105650156736374
5.823653221130371,-0.19845585525035858,-0.7540721893310547,-0.6505361795425415,0.21195046603679657,0.44067949056625366,0.0685388445854187
5.849277019500732,-0.22363309562206268,-0.9352328181266785,-0.4063741862773895,-0.034228235483169556,0.45198050141334534,-0.14098793268203735
5.888627290725708,-0.07158233970403671,-0.7989401817321777,-0.5917251706123352,0.33412349224090576,0.3893668055534363,-0.2631610035896301
5.9186506271362305,-0.03751901909708977,-0.8023173213005066,-0.4606056213378906,-0.02384352497756481,0.09340260922908783,-0.48459964990615845
6.075878381729126,0.053580544888973236,-0.7900148034095764,-0.5635248422622681,0.5439557433128357,0.39089396595954895,-0.35417991876602173
6.125510215759277,0.0016971214208751917,-0.8877113461494446,-0.4446977376937866,0.05282006412744522,0.28979578614234924,-0.4112958014011383
6.1526877880096436,-0.004443041514605284,-0.8240276575088501,-0.5830481648445129,0.018611609935760498,0.20488551259040833,-0.38227972388267517
6.206390380859375,0.05939924716949463,-0.8341591358184814,-0.491216242313385,0.1752985417842865,0.14654788374900818,-0.28820645809173584
6.233598470687866,0.13334524631500244,-0.7859139442443848,-0.4784417450428009,-0.08615177869796753,0.23420704901218414,-0.4018273949623108
6.269302845001221,0.0026669050566852093,-0.8891586661338806,-0.4068562686443329,0.07756011188030243,-0.02938130497932434,-0.49101370573043823
6.29672646522522,0.0800071507692337,-0.7540721893310547,-0.7440552711486816,-0.02995217777788639,0.13738490641117096,-0.20573966205120087
6.397230625152588,0.0016971214208751917,-0.8368126153945923,-0.36949682235717773,-0.05896827578544617,-0.05015072226524353,-0.17977789044380188
6.481379985809326,-0.0037025348283350468,-0.8751675486564636,-0.5353245139122009,-0.05072159692645073,-0.09352216124534607,-0.2503328323364258
6.535603284835815,0.11152512580156326,-0.841637134552002,-0.530985951423645,0.003950845450162888,0.012462963350117207,-0.21154287457466125
6.592797040939331,0.08825031667947769,-0.8194443583488464,-0.3911893963813782,-0.03758799284696579,0.10867424309253693,-0.24055898189544678
6.619142532348633,0.0804920494556427,-0.8240276575088501,-0.6408950090408325,-0.019567467272281647,0.07874184846878052,-0.27690544724464417
6.649089336395264,0.0770978033542633,-0.8855403065681458,-0.4437336325645447,-0.062022604048252106,0.02620743215084076,-0.18313764035701752
6.679553747177124,-0.019500017166137695,-0.8602115511894226,-0.48880597949028015,-0.012237083166837692,-0.07092013955116272,-0.2707968056201935
6.81317400932312,-0.15032291412353516,-0.9641799330711365,-0.6037766337394714,0.02105507254600525,0.14135552942752838,0.4530785083770752
6.866430282592773,-0.22042423486709595,-0.9492239356040955,-0.4931444823741913,-0.031784772872924805,-0.15980103611946106,0.574029803276062
6.919477701187134,-0.16834191977977753,-0.9622500538825989,-0.5459297299385071,-0.1078374981880188,-0.3552779257297516,0.5321855545043945
6.9717607498168945,-0.04171522334218025,-0.9050796031951904,-0.5844943523406982,-0.017124008387327194,-0.18362478911876678,0.5480680465698242
6.999276161193848,-0.03085445426404476,-0.943675696849823,-0.5143550038337708,-0.19213689863681793,-0.12345455586910248,0.3864941895008087
7.035441160202026,0.01672876812517643,-0.8208917379379272,-0.5524374842643738,-0.33355218172073364,-0.16988031566143036,0.2713460922241211
7.06508731842041,-0.0,-0.8976016044616699,-0.5239961743354797,-0.4768000841140747,-0.6594887971878052,0.12290584295988083
7.228067636489868,0.13334524631500244,-0.8790271282196045,-0.6100433468818665,-1.354002594947815,-0.7752477526664734,-0.6874068975448608
7.278281927108765,0.14570999145507812,-0.5953454971313477,-0.5350834727287292,0.05251462757587433,-0.8351125121116638,-0.21765153110027313
7.307170629501343,0.20341213047504425,-0.7244013547897339,-0.6247460842132568,-0.08309745788574219,-0.924298882484436,-0.6556419134140015
7.358734130859375,0.14958913624286652,-0.6414196491241455,-0.7426090836524963,-0.09562019258737564,-0.6008456945419312,-0.4067143201828003
7.385868310928345,0.10013016313314438,-0.5504775047302246,-0.739475667476654,-0.17564353346824646,-0.5605286359786987,-0.2491110861301422
7.42015814781189,0.156620055437088,-0.6756737232208252,-0.6478848457336426,0.1142120212316513,-0.31251734495162964,-0.10433602333068848
7.451757192611694,0.14546756446361542,-0.5372101068496704,-0.7633375525474548,0.49172675609588623,-0.0364062562584877,-0.20329619944095612
7.607027530670166,0.06861218810081482,-0.4646010994911194,-0.7146497368812561,-0.14143508672714233,0.1764802783727646,0.37519317865371704
7.6634955406188965,-0.03702534735202789,-0.4426495134830475,-0.6833160519599915,0.26998263597488403,0.2161865234375,0.4469698667526245
7.689327239990234,0.08922009915113449,-0.9070093631744385,-0.6365565061569214,-0.32744354009628296,0.22565492987632751,0.48087286949157715
7.749841690063477,0.08994743227958679,-0.8196855783462524,-0.6953674554824829,1.248894214630127,0.2317635864019394,0.5230225920677185
7.775277853012085,0.046549614518880844,-0.6112663745880127,-0.6131767630577087,0.8344221711158752,0.3991406559944153,0.4591871500015259
7.8041017055511475,0.04145825281739235,-0.7692694067955017,-0.6852442622184753,0.5531187057495117,0.41593945026397705,0.38038554787635803
7.83585786819458,0.020365456119179726,-0.5391398668289185,-0.5452066659927368,0.31885188817977905,0.47733139991760254,0.4109288156032562
7.867213487625122,0.06982442736625671,-0.7282609939575195,-0.7221216559410095,-0.5424681305885315,0.4541185200214386,0.4469698667526245
7.895016431808472,-0.09157602488994598,-0.7340503931045532,-0.5059190392494202,0.17713114619255066,0.45717287063598633,0.37824752926826477
8.006691455841064,-0.07158233970403671,-0.9067681431770325,-0.7074189186096191,0.02563656121492386,0.49810081720352173,-0.005375854671001434
8.160918712615967,-0.07059499621391296,-0.8278872966766357,-0.3714250326156616,-0.020178332924842834,0.18350522220134735,-0.29706400632858276
8.212480545043945,-0.023202551528811455,-0.619950532913208,-0.7404398322105408,-0.10386687517166138,0.08301790058612823,-0.08631549775600433
8.240215301513672,-0.0738038569688797,-0.9528422951698303,-0.4591594636440277,0.21958626806735992,0.05766699090600014,-0.3410463035106659
8.300981283187866,-0.09404438734054565,-0.8368126153945923,-0.6179973483085632,0.144449844956398,-0.13414469361305237,-0.123578280210495
8.327029943466187,-0.007651905063539743,-0.8626238107681274,-0.40251776576042175,0.12734562158584595,0.011546665802598,-0.15045635402202606
8.35585331916809,-0.0873798206448555,-0.9043558835983276,-0.6011252999305725,0.23363618552684784,-0.18393021821975708,-0.34868213534355164
8.389332294464111,-0.026658250018954277,-0.8192031979560852,-0.4830212891101837,0.07542207837104797,0.07141146063804626,-0.10677948594093323
8.4179105758667,0.022789916023612022,-0.8293346166610718,-0.6698184013366699,0.21317218244075775,0.1202806830406189,-0.1846648007631302
8.52780532836914,0.06376327574253082,-0.8346416354179382,-0.42372825741767883,0.004867143929004669,0.07110603153705597,-0.27293482422828674
8.602030038833618,0.02375970035791397,-0.8831279873847961,-0.4639800190925598,0.022276803851127625,0.11783722043037415,-0.3214986324310303
8.654538631439209,0.044610049575567245,-0.8206504583358765,-0.6232999563217163,-0.06080087274312973,0.1459370106458664,-0.29706400632858276
8.682358026504517,0.0807344913482666,-0.8006287217140198,-0.5538836717605591,0.02258223295211792,0.2925446629524231,-0.21215374767780304
8.728408813476562,0.06764241307973862,-0.8228214979171753,-0.49531373381614685,0.01189209520816803,0.0946243405342102,-0.34226804971694946
8.769276857376099,0.14377044141292572,-0.764203667640686,-0.5999202132225037,-0.023538092151284218,0.08362875878810883,-0.21215374767780304
8.79414987564087,0.0841287299990654,-0.7907384634017944,-0.42854881286621094,-0.036366261541843414,0.11814264953136444,-0.23231229186058044
8.819223880767822,-0.007651905063539743,-0.764686107635498,-0.5832891464233398,-0.11577874422073364,-0.11062638461589813,-0.29798030853271484
8.859519243240356,0.005091364029794931,-0.8382599949836731,-0.5102574825286865,0.05587439239025116,0.006048878654837608,-0.04783099144697189
8.884875059127808,-0.09848742187023163,-0.8553870320320129,-0.5620786547660828,-0.01548357680439949,-0.011993741616606712,0.26634418964385986
9.052523612976074,-0.23622171580791473,-0.9306495189666748,-0.594617486000061,0.07156471908092499,-0.058419499546289444,0.7345724105834961
9.106361389160156,-0.1688355803489685,-0.8855403065681458,-0.6066689491271973,0.02177920565009117,-0.14760582149028778,0.6655446887016296
9.139562845230103,-0.10836084932088852,-0.9234127402305603,-0.5047138333320618,0.18915627896785736,-0.17814908921718597,0.6579088568687439
9.18843412399292,-0.05800637975335121,-0.9692456722259521,-0.5423142910003662,-0.00021194666624069214,-0.4047800898551941,0.6508839130401611
9.220139980316162,-0.07084183394908905,-0.9762412309646606,-0.5141139626502991,-0.03961275517940521,-0.5324509143829346,0.491142600774765
9.25201678276062,0.025941714644432068,-0.9127987623214722,-0.5374937653541565,-0.19446709752082825,-0.613085150718689,0.5323760509490967
9.284348249435425,0.037336669862270355,-0.7579317688941956,-0.6011252999305725,-0.04480510950088501,-0.7267060875892639,0.4874774217605591
9.33742642402649,0.20486679673194885,-0.8549045324325562,-0.6560798287391663,0.22916795313358307,-0.8186413049697876,-0.5852019190788269
9.460350036621094,0.1563776135444641,-0.6071655750274658,-0.5179704427719116,-0.02098136395215988,-0.8351346850395203,-0.3674285113811493
9.510733604431152,0.21553441882133484,-0.6074067950248718,-0.6710236072540283,0.15311522781848907,-0.7603036761283875,-0.5812312960624695
9.547908782958984,0.2390516847372055,-0.5417933464050293,-0.5688274502754211,0.1821313351392746,-0.3278110921382904,-0.48654720187187195
9.601137161254883,0.30257248878479004,-0.4993376135826111,-0.7267011404037476,-0.39208200573921204,0.1468312293291092,-0.12369325757026672
9.63911485671997,0.13407258689403534,-0.4583292007446289,-0.5259243845939636,0.31652167439460754,-0.03887180984020233,0.18754257261753082
9.670933485031128,0.20632147789001465,-0.6037883758544922,-0.4719339907169342,0.020557474344968796,0.31023767590522766,0.4324995279312134
9.833694458007812,0.03442732244729996,-0.8269223570823669,-0.6189613938331604,0.42708829045295715,0.5057145357131958,0.3561413884162903
9.891700267791748,0.04218558967113495,-0.8947068452835083,-0.5495452284812927,0.52482670545578,0.6437700986862183,0.20220334827899933
9.917155504226685,-0.26510149240493774,-0.6720553636550903,-0.43915408849716187,0.496726930141449,0.35727429389953613,0.20525766909122467
9.978179216384888,-0.11675325781106949,-0.5948630571365356,-0.5538836717605591,0.39746132493019104,0.4962461292743683,0.2547377645969391
10.003820180892944,-0.17821533977985382,-1.0401660203933716,-0.369737833738327,-0.16056407988071442,0.24365337193012238,-0.19119387865066528
10.043937683105469,-0.04936712980270386,-0.7379100322723389,-0.532673180103302,0.3690560758113861,0.35086020827293396,-0.06718823313713074
10.074070453643799,-0.08318360894918442,-0.7019673585891724,-0.7069368362426758,-0.03961275517940521,0.1721821278333664,-0.145378977060318
10.24501633644104,0.0046064723283052444,-0.7576905488967896,-0.696090579032898,-0.10833509266376495,0.2121938019990921,-0.4132433831691742
10.303550720214844,-0.1671077311038971,-0.8754087686538696,-0.5468938946723938,0.014143388718366623,0.13369762897491455,-0.42607155442237854
10.33966612815857,-0.08170259743928909,-0.7854315042495728,-0.5729249715805054,-0.059160441160202026,0.10254348814487457,-0.40133151412010193
10.393641233444214,-0.08071526139974594,-0.8452555537223816,-0.5652120113372803,-0.09245260059833527,0.21952418982982635,-0.37017738819122314
10.41950798034668,-0.1399558186531067,-0.8406722545623779,-0.6175152063369751,-0.000517379492521286,0.06253181397914886,-0.4071347415447235
10.458414077758789,-0.03455699235200882,-0.8204092979431152,-0.5758172869682312,0.11401985585689545,0.11567708849906921,-0.1603451818227768
10.484426736831665,0.06836974620819092,-0.8184794783592224,-0.4977240264415741,0.0013152174651622772,0.052757974714040756,-0.13560514152050018
10.655404567718506,0.02448703721165657,-0.8223391175270081,-0.4941085875034332,0.0003989189863204956,0.02374187484383583,-0.14324095845222473
10.713638544082642,0.05964169651269913,-0.7861552238464355,-0.5346013903617859,-0.005387905985116959,0.03855031728744507,-0.12329810857772827
10.754153728485107,0.06570284068584442,-0.8112426400184631,-0.5717198252677917,-0.05547885596752167,0.08192174881696701,-0.16789127886295319
10.803256750106812,0.019153228029608727,-0.8182382583618164,-0.5119447112083435,-0.04112352430820465,0.05168391764163971,-0.23172669112682343
10.837895393371582,-0.0012341781985014677,-0.8295758366584778,-0.5160422325134277,-0.13122615218162537,0.07825656235218048,-0.23019953072071075
10.870153903961182,-0.1360064446926117,-0.8862639665603638,-0.6488490104675293,-0.18253882229328156,0.08344891667366028,-0.12329810857772827
11.048400163650513,-0.1651330441236496,-0.8898823261260986,-0.5268884897232056,0.23284953832626343,-0.04544365406036377,0.5868327021598816
11.10926103591919,-0.16414570808410645,-0.8225803375244141,-0.6213717460632324,-0.037458330392837524,-0.3068939745426178,0.5853055715560913
11.17067551612854,-0.12786085903644562,-0.9699693322181702,-0.48735982179641724,-0.22224506735801697,-0.256192147731781,0.42067739367485046
11.199402093887329,0.001939567388035357,-0.8609352111816406,-0.5762993693351746,-0.17734646797180176,-0.4742710590362549,0.49673011898994446
11.236676931381226,-0.03455699235200882,-0.8749263286590576,-0.5235140919685364,-0.3380040228366852,-0.5927789211273193,0.18335624039173126
11.266733407974243,0.09673592448234558,-0.7420108914375305,-0.646679699420929,-0.34991589188575745,-0.49076440930366516,0.2273385375738144
11.292854309082031,0.0766129121184349,-0.7757824659347534,-0.6032945513725281,0.00530223548412323,-0.8239914178848267,-0.6636084318161011
11.453144550323486,0.13261792063713074,-0.6016173958778381,-0.6948854327201843,-0.053646259009838104,-0.6673044562339783,-0.5609830617904663
11.511053562164307,0.14716465771198273,-0.7258487343788147,-0.6223357915878296,-0.2314080446958542,-0.5445205569267273,-0.6849887371063232
11.54584288597107,0.0768553614616394,-0.5789421796798706,-0.6541516184806824,-0.2766120731830597,-0.44128432869911194,-0.3936059772968292
11.598006248474121,0.10449419170618057,-0.6013761758804321,-0.7831018567085266,0.10731673240661621,-0.2821539342403412,-0.2802904546260834
11.623693943023682,0.17650063335895538,-0.5244250893592834,-0.700670063495636,-0.029822515323758125,-0.07720864564180374,-0.1321556568145752
11.654919624328613,0.17650063335895538,-0.4646010994911194,-0.6225768327713013,0.07341371476650238,0.15614187717437744,0.1766367256641388
11.682990312576294,0.13164812326431274,-0.5695343613624573,-0.6032945513725281,0.10701130330562592,0.12162799388170242,0.31530314683914185
11.76567530632019,0.12001072615385056,-0.6074067950248718,-0.6830750703811646,0.6302173733711243,0.42797690629959106,0.7264154553413391
11.871753454208374,0.09528124332427979,-0.7569668292999268,-0.5967867970466614,0.5666874051094055,0.5238827466964722,0.5300222635269165
11.927554368972778,-0.07133550196886063,-0.6197093725204468,-0.5695505738258362,0.4811662435531616,0.49456122517585754,0.591414213180542
11.961155414581299,-0.14464569091796875,-0.9832367300987244,-0.650295078754425,0.7044374942779541,0.60024094581604,0.2419992983341217
12.012149333953857,-0.2231394201517105,-0.7598615884780884,-0.5331552624702454,-0.19170179963111877,0.37177732586860657,-0.0023467950522899628
12.041064739227295,-0.1362532675266266,-0.8469440937042236,-0.4733801484107971,0.13144591450691223,0.27281713485717773,-0.13001763820648193
12.078173160552979,-0.032335471361875534,-0.7304320335388184,-0.541350245475769,0.07982780039310455,0.4203411042690277,-0.02678140439093113
12.103824615478516,-0.06318992376327515,-0.8088304400444031,-0.6464386582374573,0.034929197281599045,0.26212701201438904,-0.32213473320007324
12.277179956436157,-0.03258230537176132,-0.7579317688941956,-0.5285757184028625,0.09968091547489166,0.2694573998451233,-0.38230496644973755
12.326704978942871,-0.12119629979133606,-0.8976016044616699,-0.5073652267456055,1.3815815448760986,0.5214393138885498,0.07828741520643234
12.38892936706543,-0.03184179589152336,-0.8208917379379272,-0.43650275468826294,0.04836823418736458,0.3507024645805359,-0.2873154282569885
12.417303085327148,-0.0017278495943173766,-0.8819218873977661,-0.5184524655342102,0.34799763560295105,0.13415072858333588,-0.17583252489566803
12.453139066696167,0.05988414213061333,-0.8230627775192261,-0.3989022970199585,0.09998635947704315,0.1078835278749466,-0.17430536448955536
12.481706619262695,0.020607901737093925,-0.8631062507629395,-0.4948316812515259,-0.11656537652015686,0.06420665979385376,-0.4033798277378082
12.638114929199219,0.01721366122364998,-0.8418784141540527,-0.5459297299385071,-0.07319395244121552,0.050462186336517334,-0.10252869129180908
12.687816143035889,0.005576256196945906,-0.9045971035957336,-0.4324052929878235,0.03364402800798416,0.05272231251001358,-0.19950132071971893
12.750713348388672,0.07540068030357361,-0.8196855783462524,-0.3998664319515228,-0.25407350063323975,0.020651884377002716,-0.21355122327804565
12.783058166503906,0.05139853432774544,-0.8790271282196045,-0.44084128737449646,-0.01980668306350708,0.008740013465285301,-0.1549081653356552
12.823085069656372,0.07394600659608841,-0.8404310345649719,-0.4994112253189087,0.2080460488796234,-0.0642583817243576,-0.019906945526599884
12.989680767059326,-0.2389369010925293,-0.8838516473770142,-0.48061099648475647,-0.03446745127439499,0.01362693589180708,0.25650957226753235
13.017038822174072,-0.2270888090133667,-0.9911972284317017,-0.5355654954910278,-0.21467268466949463,0.32272472977638245,0.5295663475990295
13.066463708877563,-0.2739875614643097,-0.95887291431427,-0.4574722647666931,-0.2061205804347992,0.017597559839487076,0.5445325374603271
13.130241870880127,-0.1846330612897873,-0.9460880160331726,-0.5037497282028198,-0.13892540335655212,-0.2456853687763214,0.6914456486701965
13.160475969314575,-0.1515570878982544,-0.9265487194061279,-0.4847084879875183,-0.11143647134304047,-0.37396708130836487,0.7754396200180054
13.200255155563354,-0.1204557940363884,-0.9680395126342773,-0.5382168889045715,-0.06837046891450882,-0.49644553661346436,0.6208906769752502
13.229944467544556,-0.05208232253789902,-0.9082155227661133,-0.5437604784965515,-0.9788651466369629,-1.1146411895751953,-0.08038260042667389
13.423240184783936,0.10594886541366577,-0.9813069701194763,-0.33430665731430054,-0.8594409823417664,-0.501637876033783,-0.8158643841743469
13.450761556625366,0.027638833969831467,-0.7106514573097229,-0.7276653051376343,0.3152529001235962,-0.7154406905174255,-1.0400519371032715
13.481380939483643,0.1740761697292328,-0.5760474801063538,-0.5350834727287292,-0.08028234541416168,-0.7340720891952515,-0.9148245453834534
13.53328537940979,0.43616020679473877,-0.3644923269748688,-0.7522501945495605,0.2960106432437897,-0.3260141611099243,-0.5941202640533447
13.558927536010742,0.3113005459308624,-0.2552170157432556,-0.5919662117958069,0.10633698850870132,-0.34036949276924133,-0.1610168069601059
13.59084177017212,0.4043997824192047,-0.5191181302070618,-0.556535005569458,-0.15941327810287476,-0.1418568193912506,-0.032485246658325195
13.623480796813965,0.29335954785346985,-0.3333742022514343,-0.6765672564506531,0.06294167786836624,0.37096452713012695,0.3422805964946747
13.779757499694824,-0.16439254581928253,-0.9376450777053833,-0.7230857610702515,0.3931143283843994,0.3731025755405426,0.2805832028388977
13.810015201568604,-0.18487989902496338,-0.5311794281005859,-0.5124267935752869,0.13899439573287964,0.5893489122390747,0.3160133957862854
13.859211444854736,-0.1710571050643921,-0.7234364748001099,-0.6170331835746765,0.6240214109420776,0.44213032722473145,0.3716021180152893
13.886165142059326,-0.09182285517454147,-0.7231952548027039,-0.5358065366744995,0.11120003461837769,0.18709410727024078,-0.16137781739234924
13.944527626037598,-0.03184179589152336,-0.8286109566688538,-0.5010984539985657,0.15793122351169586,0.36607760190963745,-0.0013311170041561127
13.978173017501831,-0.09305703639984131,-0.8505625128746033,-0.6300487518310547,0.20741130411624908,0.42655327916145325,-0.10029128938913345
14.014994144439697,-0.06195574998855591,-0.8037647008895874,-0.5051959156990051,0.5336133241653442,0.5276514887809753,-0.11464662104845047
14.184616327285767,-0.09972159564495087,-0.9236539602279663,-0.507847249507904,-0.142614483833313,0.48702892661094666,-0.34921887516975403
14.242974996566772,0.014546754769980907,-0.8529747724533081,-0.5712377429008484,-0.22172152996063232,0.5875163078308105,-0.20291665196418762
14.267955541610718,-0.06862030923366547,-0.9615264534950256,-0.42035382986068726,-0.01616537570953369,0.5603327751159668,-0.5211774706840515
14.328151941299438,0.022789916023612022,-0.9058032631874084,-0.38974323868751526,-0.15422090888023376,0.2613142132759094,-0.25300759077072144
14.354244470596313,-0.04640510305762291,-0.915452241897583,-0.5468938946723938,-0.09832675009965897,0.014830108731985092,-0.2395685613155365
14.389742612838745,0.007515823468565941,-0.7777122855186462,-0.5907610654830933,0.7697127461433411,-0.039842329919338226,-0.00010938756167888641
14.4172682762146,0.026669051498174667,-0.9002550840377808,-0.3446708619594574,-0.13833841681480408,-0.007771905977278948,-0.1897830367088318
14.442459344863892,0.09261434525251389,-0.8657597303390503,-0.5601504445075989,0.2810205817222595,-0.0031904163770377636,-0.23376533389091492
14.604118585586548,0.09406901150941849,-0.8423608541488647,-0.42348721623420715,0.05041893571615219,-0.19469666481018066,-0.04439711570739746
14.658878326416016,0.12995101511478424,-0.8146198391914368,-0.4461439251899719,0.2773553729057312,-0.19866728782653809,-0.02118423953652382
14.684705018997192,0.03151796758174896,-0.9173820614814758,-0.42035382986068726,0.15945838391780853,-0.15346325933933258,-0.2737770080566406
14.740991353988647,0.014546754769980907,-0.8780622482299805,-0.49169832468032837,0.040645092725753784,-0.03770430013537407,-0.2640031576156616
14.767283201217651,-0.01727849617600441,-0.885299026966095,-0.42517441511154175,-0.1982032209634781,0.032850634306669235,-0.3202027678489685
14.799029111862183,-0.046898774802684784,-0.9188294410705566,-0.4589184522628784,-0.029298976063728333,0.06614279001951218,-0.17970377206802368
14.832862854003906,-0.19648118317127228,-0.8925358057022095,-0.44566187262535095,-0.13925471901893616,-0.037398867309093475,-0.11525747925043106
15.002744674682617,-0.1399558186531067,-0.8925358057022095,-0.47579044103622437,-0.08336055278778076,0.07164058089256287,0.7790492177009583
15.056413888931274,-0.14982923865318298,-0.959114134311676,-0.48591363430023193,-0.10412997007369995,-0.096958227455616,0.8752604722976685
15.085898876190186,-0.11181654781103134,-0.9410222172737122,-0.39456379413604736,-0.13528409600257874,-0.5450278520584106,0.6571816205978394
15.147982835769653,0.00630359398201108,-0.8112426400184631,-0.41047167778015137,-0.6313067078590393,-0.7218733429908752,0.40428340435028076
15.183282136917114,0.011394958011806011,-0.956701934337616,-0.596304714679718,-0.14291991293430328,-0.8721461892127991,0.1498580276966095
15.216819286346436,-0.04344307258725166,-0.9545308947563171,-0.4977240264415741,-0.7751654386520386,-0.8000640869140625,-0.18795046210289001
15.34456181526184,-0.09922792762517929,-0.7478002905845642,-0.6020894050598145,-0.4816446900367737,-0.6629248857498169,-0.5691303610801697
15.416305780410767,0.13164812326431274,-0.6602352857589722,-0.8595079183578491,-0.44254928827285767,-0.5572451949119568,-0.725511908531189
15.465181589126587,0.08994743227958679,-0.7077568173408508,-0.652946412563324,-0.2626495063304901,-0.4640882611274719,-0.7554442882537842
15.527683973312378,0.07055176049470901,-0.5965516567230225,-0.6471617817878723,-0.7400407195091248,-0.5007401704788208,-0.545001208782196
15.552512407302856,0.19007760286331177,-0.6662659049034119,-0.5391809344291687,0.0046040453016757965,-0.28602102398872375,-0.3919794261455536
15.593659162521362,0.13431504368782043,-0.2043183296918869,-0.792261004447937,1.0421587228775024,0.11653917282819748,0.3966476023197174
15.621341466903687,0.241233691573143,-0.6768798828125,-0.7389936447143555,0.5409437417984009,0.40731102228164673,0.5713550448417664
15.789666652679443,-0.16932925581932068,-0.6062006950378418,-0.6071510314941406,1.007644772529602,0.1614377647638321,0.634579598903656
15.842397928237915,-0.010860768146812916,-0.6474502682685852,-0.6835570931434631,0.883944571018219,0.39112308621406555,0.14222222566604614
15.86822247505188,-0.2137596756219864,-0.4298645555973053,-0.5360475778579712,0.9257888197898865,0.1409737765789032,0.5133228302001953
15.907222986221313,-0.23943059146404266,-0.9612852334976196,-0.4193897247314453,0.4028881788253784,0.1305890679359436,-0.07707840949296951
15.952174186706543,-0.021474702283740044,-0.7227127552032471,-0.7009111642837524,0.7611606121063232,0.38654160499572754,0.03562622889876366
15.98066782951355,-0.09799375385046005,-0.8645536303520203,-0.43336939811706543,0.21504713594913483,0.5346764326095581,-0.18581241369247437
16.021484375,-0.11798743903636932,-0.7490063905715942,-0.7455013990402222,0.48718756437301636,0.9360148906707764,-0.2896595001220703
16.069154500961304,-0.08293677866458893,-0.8686544895172119,-0.4798879325389862,0.116086944937706,0.319040983915329,-0.08532509207725525
16.205551385879517,-0.07849373668432236,-0.958390474319458,-0.5905200839042664,0.1454084813594818,0.15868887305259705,-0.12961283326148987
16.26123285293579,-0.15229760110378265,-0.9330617785453796,-0.4114357829093933,0.20466239750385284,0.16479752957820892,-0.2389577031135559
16.312896013259888,-0.02813926339149475,-0.7912209033966064,-0.47795969247817993,0.12922056019306183,0.2631468176841736,-0.20658183097839355
16.342662572860718,-0.08639247715473175,-0.8681720495223999,-0.5153191685676575,-0.030520707368850708,0.24085025489330292,-0.3748752176761627
16.38409662246704,-0.05381016805768013,-0.8541808724403381,-0.46156975626945496,0.14907367527484894,0.15288566052913666,-0.33730700612068176
16.411665201187134,-0.028386101126670837,-0.8165497183799744,-0.4290308952331543,-0.11512554436922073,0.018800731748342514,-0.26675206422805786
16.4940984249115,-0.004443041514605284,-0.8266811370849609,-0.4497593641281128,-0.3848225474357605,-0.11009183526039124,-0.37304261326789856
16.608100652694702,-0.024930398911237717,-0.8768561482429504,-0.4835033416748047,0.332027792930603,0.0853850468993187,-0.0978478267788887
16.754278898239136,-0.03949370235204697,-0.9706929922103882,-0.4196307957172394,-0.43369174003601074,0.12661844491958618,-0.229489266872406
16.77968955039978,-0.030607620254158974,-0.8734790086746216,-0.49193933606147766,0.034536443650722504,0.1263130158185959,0.019132867455482483
16.84199595451355,-0.23449386656284332,-0.9475352764129639,-0.4622928202152252,-0.14872312545776367,0.02246592380106449,0.06952925026416779
16.87869954109192,-0.23350651562213898,-0.8635886907577515,-0.540627121925354,0.34607774019241333,0.04109731316566467,0.45529067516326904
16.912304162979126,-0.33075976371765137,-0.9439169764518738,-0.39480483531951904,-0.20950421690940857,-0.06519323587417603,0.4323832094669342
16.937999963760376,-0.3529749810695648,-1.0129075050354004,-0.5478579998016357,-0.23180080950260162,-0.21668781340122223,0.6898629069328308
17.09492039680481,-0.03184179589152336,-0.9236539602279663,-0.5808789134025574,-0.1624675989151001,-0.4246874451637268,0.48461219668388367
17.150814056396484,-0.01727849617600441,-0.8898823261260986,-0.5550888180732727,-0.2583734393119812,-0.7270657420158386,0.0637260302901268
17.176925897598267,-0.03949370235204697,-0.8889174461364746,-0.5372527241706848,-0.7950185537338257,-0.8666484355926514,-0.2246023714542389
17.237258195877075,0.005091364029794931,-0.7909797430038452,-0.6317359209060669,-0.9962986707687378,-1.0752588510513306,-0.2499532699584961
17.26363492012024,-0.12366466224193573,-0.721506655216217,-0.6541516184806824,-1.8127200603485107,-1.3400689363479614,-0.2542293071746826
17.3050754070282,0.15007402002811432,-0.9808245301246643,-0.6818698644638062,-1.8951867818832397,-0.9940138459205627,-1.0226978063583374
17.333666801452637,0.11322224140167236,-0.7024498581886292,-0.4613287150859833,0.6127203702926636,-0.6308544278144836,-1.0101749897003174
17.42878746986389,0.30281493067741394,-0.44626790285110474,-0.5989560484886169,0.1002044528722763,0.06644821912050247,-0.19192108511924744
17.520748138427734,0.19322939217090607,-0.27765101194381714,-0.7467066049575806,-0.541204035282135,0.00841602310538292,0.3770999014377594
17.575895071029663,0.09819059818983078,-0.6708492636680603,-0.6353513598442078,-0.3533629775047302,-0.0044121467508375645,0.36488261818885803
17.61069965362549,0.12364742159843445,-0.7468353509902954,-0.6025714874267578,0.9862645268440247,0.19931142032146454,1.1629780530929565
17.66351008415222,0.30936098098754883,-1.0218329429626465,-0.7095881700515747,0.5079569816589355,0.4683975279331207,0.40947577357292175
17.693464279174805,-0.1303292214870453,-0.44096094369888306,-0.5365296602249146,0.7284793257713318,0.20419833064079285,0.9177156090736389
17.734054803848267,0.21723154187202454,-1.0995076894760132,-0.7148907780647278,0.5470523834228516,0.4253315329551697,0.46475908160209656
17.75961971282959,-0.16340519487857819,-0.604270875453949,-0.5391809344291687,0.4031935930252075,0.40608927607536316,0.14741456508636475
17.796536922454834,0.4039148986339569,-1.0355827808380127,-0.675844132900238,0.5113167762756348,0.7784116864204407,-0.023322265595197678
17.97811532020569,-0.033075977116823196,-0.793633222579956,-0.6078740954399109,0.19305597245693207,0.5090200901031494,-0.04531341791152954
18.0306396484375,-0.02813926339149475,-0.9183470010757446,-0.6527054309844971,0.303928017616272,0.338588684797287,-0.1030401811003685
18.06405735015869,-0.05381016805768013,-0.8368126153945923,-0.4039638936519623,0.6231051087379456,0.2417665421962738,0.005693832412362099
18.1159610748291,0.00630359398201108,-0.7330855131149292,-0.5796737670898438,0.5366676449775696,0.1913701593875885,0.09579645842313766
18.139811515808105,-0.03159496188163757,-0.944399356842041,-0.4389130473136902,0.5669054985046387,0.050565727055072784,-0.1027347519993782
18.178780794143677,0.003636688692495227,-0.7919446229934692,-0.5215858221054077,0.39647412300109863,0.04384620860219002,-0.07402408123016357
18.206499338150024,-0.05084814503788948,-0.9217241406440735,-0.4736211895942688,0.18419842422008514,-0.12597432732582092,-0.31745386123657227
18.31518793106079,0.006788485683500767,-0.9202768206596375,-0.40107157826423645,0.18755818903446198,-0.18125763535499573,-0.28721603751182556
18.398827075958252,-0.020240522921085358,-0.9402985572814941,-0.4160153269767761,0.2419251948595047,0.03529409319162369,-0.15282568335533142
18.449798107147217,-0.018759509548544884,-0.8590053915977478,-0.4755493998527527,-0.08183339238166809,0.09332629293203354,-0.18153637647628784
18.517249584197998,0.12316253036260605,-0.8544221520423889,-0.5124267935752869,0.166177898645401,0.10584902763366699,-0.13694319128990173
18.541300535202026,0.03442732244729996,-0.8288521766662598,-0.3473221957683563,-0.27120161056518555,0.0013910727575421333,-0.15710175037384033
18.567253828048706,-0.002221520757302642,-0.8676895499229431,-0.42300519347190857,-0.2901384234428406,-0.08932241797447205,-0.21818828582763672
18.599998235702515,0.06909708678722382,-0.8252338171005249,-0.492421418428421,0.17320285737514496,0.027352845296263695,-0.15252026915550232
18.63028883934021,0.08970499038696289,-0.8259574770927429,-0.40444597601890564,-0.1368112564086914,0.0902719646692276,-0.18672871589660645
18.676965713500977,0.013819416984915733,-0.8978427648544312,-0.49218037724494934,-0.1679653823375702,0.04628967121243477,0.31967857480049133
18.88292646408081,-0.30558252334594727,-0.8944656252861023,-0.4406002461910248,-0.12031789869070053,0.15502367913722992,0.6254165768623352
18.912890195846558,-0.32532939314842224,-0.9849253296852112,-0.4801289439201355,0.08248935639858246,0.027352845296263695,0.7811872363090515
18.9760320186615,-0.22881664335727692,-0.9335442185401917,-0.49820607900619507,0.057138457894325256,-0.11345159262418747,0.5631083250045776
19.002105951309204,-0.1105823740363121,-0.9704517722129822,-0.5746121406555176,0.01865394413471222,-0.03495540842413902,0.48125243186950684
19.0343017578125,-0.09651274234056473,-0.8891586661338806,-0.49796509742736816,-0.27578312158584595,-0.20569224655628204,0.3981747627258301
19.06277298927307,-0.10762033611536026,-0.9347503185272217,-0.5172473788261414,-0.42239075899124146,-0.46836432814598083,0.10770832747220993
19.09186315536499,-0.056031692773103714,-0.9236539602279663,-0.6141408085823059,-1.8673924207687378,-0.9680520296096802,-0.6839730739593506
19.265548944473267,0.043397821485996246,-0.8230627775192261,-0.6895828247070312,0.2269590049982071,-0.5508310794830322,-0.5892889499664307
19.313478708267212,0.1660754531621933,-0.6320118308067322,-0.7317628264427185,-0.6242817640304565,-0.776240348815918,-0.9182398915290833
19.379444360733032,0.2545681893825531,-0.5507187247276306,-0.6797006726264954,-0.2327170968055725,-0.5489984750747681,-0.514763355255127
19.404719829559326,0.2679027318954468,-0.4937894344329834,-0.6683722734451294,-0.23638229072093964,-0.4457623064517975,-0.4121379852294922
19.4465012550354,0.22668693959712982,-0.47425010800361633,-0.5483400225639343,-0.07816819846630096,-0.2023324817419052,-0.2847725749015808
19.47425937652588,0.2645084857940674,-0.382343053817749,-0.7568297982215881,0.21932317316532135,-0.0007469556294381618,-0.12380959838628769
19.544445276260376,0.18207687139511108,-0.6486564874649048,-0.5483400225639343,-0.2275247424840927,0.30529651045799255,0.5188206434249878
19.65969491004944,0.2492343932390213,-0.6850815415382385,-0.7035624384880066,0.014377892017364502,0.4176957309246063,0.7506439685821533
19.71185851097107,0.053095657378435135,-0.6807394623756409,-0.6040176153182983,0.484133243560791,0.20847439765930176,0.5655518174171448
19.737434148788452,0.013576971367001534,-0.7157172560691833,-0.6558387875556946,0.7895658612251282,0.42655327916145325,0.7402592897415161
19.80389666557312,0.12485965341329575,-0.9036322236061096,-0.6649978160858154,0.389143705368042,0.600649893283844,0.040207721292972565
19.832721948623657,0.015031646937131882,-0.7854315042495728,-0.5707557201385498,0.041561394929885864,0.8275863528251648,0.09610188752412796
19.870079040527344,-0.1357596069574356,-0.7584142088890076,-0.582084059715271,0.2883509397506714,0.8373602032661438,-0.25209128856658936
19.8985493183136,-0.03184179589152336,-0.7890498638153076,-0.5155601501464844,-0.020135998725891113,0.5090200901031494,-0.10120759159326553
20.071614742279053,0.10109994560480118,-0.6988314390182495,-0.5264064073562622,0.40197187662124634,0.31048887968063354,-0.06669370085000992
20.100194692611694,0.05042875185608864,-0.8973603248596191,-0.4868777394294739,0.13685637712478638,0.16204863786697388,-0.14702248573303223
20.150532722473145,-0.032335471361875534,-0.8614177107810974,-0.5117036700248718,0.47130507230758667,0.13730859756469727,-0.13511061668395996
20.21065402030945,-0.0659051164984703,-0.8997726440429688,-0.36106082797050476,0.013461589813232422,0.146166130900383,-0.3247842490673065
20.236347675323486,-0.0681266337633133,-0.9311319589614868,-0.5791916847229004,0.6215779185295105,-0.08077029883861542,-0.40358588099479675
20.26545214653015,0.035639550536870956,-0.8143786191940308,-0.5083292722702026,-0.24982133507728577,0.08905023336410522,-0.36907199025154114
20.296035051345825,0.001212229602970183,-0.9374037981033325,-0.41239991784095764,-0.16430020332336426,0.1311999410390854,-0.37304261326789856
20.329015731811523,-0.10194312781095505,-0.9202768206596375,-0.5729249715805054,0.3173670768737793,-0.002884984016418457,-0.22246432304382324
20.487659692764282,-0.008886083029210567,-0.9058032631874084,-0.5100165009498596,0.2965976595878601,0.03162890300154686,-0.22643494606018066
20.51898956298828,0.007273377384990454,-0.9258249998092651,-0.48760083317756653,-0.0011991746723651886,0.05087115988135338,-0.13022369146347046
20.569048166275024,-0.0301139485090971,-0.8406722545623779,-0.4572312533855438,-0.002726338803768158,0.08874480426311493,-0.05997417867183685
20.602840662002563,-0.08886083215475082,-0.9019436240196228,-0.4832623302936554,-0.22296416759490967,0.1390613317489624,0.06402046978473663
20.657767295837402,-0.1397089660167694,-0.9062857031822205,-0.46156975626945496,-0.24037382006645203,0.1384504735469818,0.15839914977550507
20.683528423309326,-0.22363309562206268,-0.92823725938797,-0.4960367977619171,0.03695383295416832,0.07026306539773941,0.367879182100296
20.719285249710083,-0.24634197354316711,-0.929443359375,-0.5198986530303955,-0.025354424491524696,0.22878259420394897,0.4656176269054413
20.752139568328857,-0.26510149240493774,-0.9029085636138916,-0.5215858221054077,0.14141179621219635,-0.24494339525699615,0.8697049617767334
20.909045934677124,-0.006664562504738569,-0.8915709257125854,-0.4892880320549011,-0.048261869698762894,-0.45202672481536865,0.5413649082183838
20.962416172027588,0.054307885468006134,-0.8831279873847961,-0.491216242313385,-0.3152099847793579,-0.5216653347015381,0.27533310651779175
20.991740703582764,-0.042702566832304,-0.8590053915977478,-0.5490630865097046,-0.25778865814208984,-0.5812247395515442,0.09482242166996002
21.051984071731567,0.021820131689310074,-0.900496244430542,-0.6006432175636292,-0.8439138531684875,-0.8945986032485962,-0.3648536801338196
21.079792261123657,-0.0012341781985014677,-0.763480007648468,-0.5478579998016357,-1.501815676689148,-1.0256291627883911,-0.3840959370136261
21.11923360824585,0.018910780549049377,-0.8271636366844177,-0.6674081683158875,-0.7904631495475769,-1.2388211488723755,-0.3388918936252594
21.147807121276855,0.14886178076267242,-0.7256075143814087,-0.5767813920974731,0.012519221752882004,-0.2730432152748108,-1.01328706741333
21.314605236053467,0.2489919662475586,-0.531661868095398,-0.5305039286613464,0.08276872336864471,-0.2073751837015152,-0.41097399592399597
21.368863105773926,0.320513516664505,-0.4428907334804535,-0.7476706504821777,0.12186411023139954,0.05224253609776497,-0.17456914484500885
21.39810609817505,0.19395673274993896,-0.28416410088539124,-0.6037766337394714,-0.44440799951553345,-0.07695546001195908,0.5654940605163574
21.461443662643433,0.2487495243549347,-0.5654335021972656,-0.7228447198867798,0.08124156296253204,0.14509405195713043,0.5212063789367676
21.487096071243286,0.12534454464912415,-0.4631537199020386,-0.6570439338684082,0.18692125380039215,0.14387232065200806,0.676060676574707
21.51499319076538,0.0814618244767189,-0.6947305798530579,-0.7459834814071655,-0.20525424182415009,0.2889528274536133,0.5603017210960388
21.549031019210815,-0.03924686834216118,-0.648897647857666,-0.5975098609924316,0.6206355690956116,0.3949379324913025,0.7750208377838135
21.667724132537842,-0.10589249432086945,-0.73453289270401,-0.6601773500442505,0.30298563838005066,0.9957239031791687,-0.04659288749098778
21.739058017730713,-0.17944951355457306,-0.9127987623214722,-0.5256833434104919,1.0005937814712524,0.8934040069580078,0.04350973665714264
21.79007315635681,-0.0659051164984703,-0.6447967886924744,-0.5497862100601196,0.204636350274086,0.9346373677253723,-0.006886642426252365
21.821848154067993,-0.023202551528811455,-0.8643123507499695,-0.5801557898521423,0.14690957963466644,0.7199182510375977,0.008384987711906433
21.879059314727783,-0.06960765272378922,-0.9267898797988892,-0.48567262291908264,-0.27306029200553894,0.704646646976471,-0.21580255031585693
21.90388774871826,-0.007898740470409393,-0.8213741779327393,-0.6659619808197021,0.27916190028190613,0.8124643564224243,-0.1061522364616394
21.94435977935791,-0.06491777300834656,-0.7478002905845642,-0.41697946190834045,-0.34300437569618225,0.6365351676940918,-0.28085970878601074
21.973735570907593,-0.0738038569688797,-0.9333029985427856,-0.5264064073562622,-0.024438126012682915,0.15547876060009003,-0.0811067670583725
22.13796877861023,-0.0014810138382017612,-0.8638299107551575,-0.4384310245513916,0.018933307379484177,0.06995762884616852,-0.22099490463733673
22.16859769821167,-0.00814557634294033,-0.8599703311920166,-0.6953674554824829,-0.040626056492328644,0.006122211460024118,-0.19533856213092804
22.215739965438843,-0.0004936712794005871,-0.9460880160331726,-0.4160153269767761,-0.05039989948272705,0.02689163014292717,-0.29460418224334717
22.240484714508057,0.11879849433898926,-0.8257162570953369,-0.5589452981948853,-0.04032062366604805,-0.015868935734033585,-0.11226089298725128
22.30301547050476,-0.025177236646413803,-0.9045971035957336,-0.43987715244293213,-0.0983528196811676,-0.09375425428152084,-0.34683313965797424
22.333852767944336,0.005576256196945906,-0.8399485945701599,-0.4900111258029938,0.27396953105926514,-0.1621711552143097,-0.26619893312454224
22.364243984222412,0.06400572508573532,-0.7979752421379089,-0.5444835424423218,0.12216953933238983,-0.010982015170156956,-0.17548544704914093
22.39291524887085,0.02618415839970112,-0.8831279873847961,-0.4179435670375824,-0.21808241307735443,0.09561397135257721,-0.33675387501716614
22.559114456176758,-0.07800006866455078,-0.8954305052757263,-0.4991702139377594,-0.0003089495003223419,-0.08734016865491867,0.021824022755026817
22.589820384979248,-0.1416836678981781,-0.8749263286590576,-0.5232730507850647,-0.08552464842796326,0.003067885059863329,0.28113633394241333
22.638884782791138,-0.19549384713172913,-0.92823725938797,-0.4574722647666931,-0.16279910504817963,0.03238941729068756,0.37582042813301086
22.66618514060974,-0.23005081713199615,-0.928719699382782,-0.5782275795936584,0.01374095305800438,0.25932586193084717,0.6827802062034607
22.723479509353638,-0.19179129600524902,-0.9316143989562988,-0.4789237976074219,-0.20555967092514038,0.06323811411857605,0.6168067455291748
22.764763355255127,-0.17574697732925415,-0.9345091581344604,-0.4738622009754181,-0.23304860293865204,-0.03969268128275871,0.674533486366272
22.792256355285645,-0.07454437017440796,-0.957425594329834,-0.5211037993431091,-0.10904296487569809,-0.18080255389213562,0.45798182487487793
22.818150520324707,-0.15772797167301178,-0.8949481248855591,-0.5524374842643738,-0.2758091688156128,-0.673465371131897,0.12322765588760376
22.982516050338745,0.1762581765651703,-0.8153434991836548,-0.6047406792640686,-0.8234498500823975,-0.9850066304206848,-0.2924661338329315
23.015292406082153,0.1694696992635727,-0.6394898295402527,-0.6225768327713013,-1.1918015480041504,-1.0732766389846802,-0.17915064096450806
23.062713861465454,0.11831361055374146,-0.6754325032234192,-0.621853768825531,-1.5833661556243896,-0.7910569310188293,-0.41127943992614746
23.128340244293213,0.1588020622730255,-0.7183707356452942,-0.6153460144996643,0.07910352945327759,-0.41690197587013245,-0.6974698305130005
23.15447425842285,0.10109994560480118,-0.5393810868263245,-0.7987687587738037,0.21899168193340302,-0.40285205841064453,-0.7069382667541504
23.190908193588257,0.0858258530497551,-0.5060919523239136,-0.6423411965370178,-0.40836694836616516,-0.5418239235877991,-0.6064509153366089
23.222756147384644,0.23226319253444672,-0.6098191142082214,-0.5772634744644165,0.4987679421901703,0.22145220637321472,0.31045785546302795
23.391902208328247,0.1554078459739685,-0.4626712501049042,-0.7657477855682373,-0.2587049603462219,0.24099990725517273,0.7899870276451111
23.44673228263855,0.07443089038133621,-0.6563756465911865,-0.6584900617599487,0.5406122207641602,0.41723451018333435,0.6882779598236084
23.511735677719116,0.08849275857210159,-0.8896411061286926,-0.6327000856399536,0.978297233581543,0.33660030364990234,0.10978861153125763
23.53834319114685,-0.035791169852018356,-0.7181295156478882,-0.7240498661994934,1.2376095056533813,0.6771577000617981,0.17912182211875916
23.57358193397522,-0.09058868139982224,-0.6841166615486145,-0.7493578791618347,1.4718762636184692,0.9114245176315308,0.07680189609527588
23.604366779327393,-0.10342413187026978,-0.7769885659217834,-0.39504584670066833,0.09590232372283936,0.7299975156784058,-0.00963553786277771
23.771013259887695,-0.010613933205604553,-0.8230627775192261,-0.6273974180221558,0.1951679289340973,0.3344622850418091,-0.13272488117218018
23.827227354049683,-0.03974054008722305,-0.8816806077957153,-0.5823251008987427,0.12766732275485992,0.36072948575019836,-0.17456914484500885
23.860742807388306,-0.07133550196886063,-0.855869472026825,-0.4449387788772583,0.2816053628921509,0.2116783708333969,-0.2680315375328064
23.915465593338013,0.005091364029794931,-0.6995550990104675,-0.476995587348938,0.22815464437007904,0.1515081375837326,-0.05819932743906975
23.945016622543335,-0.013329125009477139,-0.8623825907707214,-0.6013662815093994,0.209217831492424,0.19549043476581573,-0.2020580917596817
23.9834725856781,-0.09947476536035538,-0.9132812023162842,-0.4225231111049652,0.09223714470863342,0.05926748737692833,-0.344695121049881
24.084165811538696,-0.05850004777312279,-0.8973603248596191,-0.6543926000595093,0.09651319682598114,0.2015990912914276,-0.1373063623905182
24.17367172241211,0.0802495926618576,-0.914246141910553,-0.43650275468826294,-0.01099909096956253,0.33629488945007324,-0.19900375604629517
24.230055570602417,-0.04023421183228493,-0.8363301753997803,-0.37913796305656433,-0.16493713855743408,-0.06687618046998978,-0.26009029150009155
24.256566286087036,0.012122295796871185,-0.9019436240196228,-0.40275877714157104,-0.030852211639285088,-0.15239731967449188,-0.37218406796455383
24.311752796173096,-0.005183548666536808,-0.8922945857048035,-0.48904702067375183,0.13744117319583893,-0.15850597620010376,-0.3837904930114746
24.338380575180054,-0.050601307302713394,-0.8192031979560852,-0.5186935663223267,-0.09682565927505493,-0.04335787519812584,-0.22374379634857178
24.37765145301819,-0.10441148281097412,-0.9398161172866821,-0.4625338613986969,-0.16585342586040497,0.0036787502467632294,-0.24115344882011414
24.490372896194458,-0.14415201544761658,-0.9207592606544495,-0.47096988558769226,0.04397878423333168,0.058962054550647736,0.5960373282432556
24.575788974761963,-0.17031659185886383,-0.8896411061286926,-0.500857412815094,-0.0681149959564209,-0.06351642310619354,0.5884014964103699
24.623729467391968,-0.11082920432090759,-0.90121990442276,-0.5471348762512207,-0.007639333605766296,0.3124711215496063,0.7539460062980652
24.685874462127686,-0.14464569091796875,-0.9222065806388855,-0.5249602198600769,-0.3197914958000183,0.10935843735933304,0.6568183898925781
24.713213682174683,-0.08293677866458893,-0.9405397772789001,-0.4401182234287262,-0.2608429789543152,-0.4242323637008667,0.4081963002681732
24.749753952026367,-0.08886083215475082,-0.987337589263916,-0.5182114243507385,-0.13744819164276123,-0.5515977740287781,0.36024338006973267
24.777933359146118,0.00048489184700883925,-0.8220978379249573,-0.48904702067375183,-0.9590619206428528,-0.7290540933609009,-0.39142632484436035
24.946295499801636,-0.02813926339149475,-0.7830192446708679,-0.5589452981948853,-1.4660800695419312,-0.9801197052001953,-0.4748094081878662
24.998096466064453,0.09431146085262299,-0.6527572870254517,-0.39311763644218445,-1.4795191287994385,-1.2305744886398315,-0.2326013445854187
25.029677391052246,0.15710493922233582,-0.8003875613212585,-0.7457424402236938,0.04214618727564812,-0.7098118662834167,-0.6223334074020386
25.085703134536743,0.1660754531621933,-0.648173987865448,-0.7281473278999329,-0.27764177322387695,-0.5595390200614929,-0.9082183241844177
25.117254972457886,0.08825031667947769,-0.5910034775733948,-0.7156139016151428,-0.08430291712284088,-0.5677856802940369,-0.8953901529312134
25.15075397491455,0.20244234800338745,-0.48148688673973083,-0.6322179436683655,-0.12034396827220917,-0.45752450823783875,-0.5814054608345032
25.184364318847656,0.19613873958587646,-0.5859376788139343,-0.6064279675483704,-0.3820997476577759,0.3091113865375519,0.11314837634563446
25.340477228164673,0.03248775377869606,-0.5319031476974487,-0.7505630254745483,0.23762308061122894,0.19854477047920227,0.7154614925384521
25.468955993652344,-0.035050664097070694,-0.5955867767333984,-0.5755763053894043,0.6041422486305237,0.19793389737606049,0.5157085657119751
25.50962781906128,-0.1281076967716217,-0.7815719246864319,-0.6596952080726624,1.052517294883728,0.5980506539344788,0.20355643332004547
25.569273471832275,-0.12958870828151703,-0.8370538949966431,-0.5688274502754211,0.3973643183708191,0.8622498512268066,0.06214112788438797
25.595491409301758,-0.06911398470401764,-0.8696193099021912,-0.5085703134536743,0.5097635388374329,0.9004289507865906,0.14002645015716553
25.632953882217407,-0.042208895087242126,-0.6884586811065674,-0.6809057593345642,0.5473317503929138,1.0201585292816162,0.20416730642318726
25.66073966026306,-0.012341782450675964,-0.7482827305793762,-0.45819535851478577,0.011602923274040222,0.628899335861206,-0.07347095012664795
25.703937768936157,0.02642660401761532,-0.8322293162345886,-0.7228447198867798,0.18356148898601532,0.6502796411514282,-0.17792890965938568
25.846508741378784,0.09261434525251389,-0.7260899543762207,-0.5664171576499939,-0.14477857947349548,0.5122240781784058,-0.025212600827217102
25.895928621292114,0.01721366122364998,-0.8220978379249573,-0.8281742334365845,0.22876553237438202,0.494814395904541,-0.34622228145599365
25.923938512802124,-0.023943057283759117,-0.7999050617218018,-0.45096448063850403,-0.33353593945503235,0.6710490584373474,-0.19930918514728546
25.95355463027954,-0.10416464507579803,-0.8872288465499878,-0.605945885181427,0.21654821932315826,0.1573113650083542,-0.23382309079170227
26.00374174118042,0.01769855059683323,-0.8336766958236694,-0.5114626288414001,0.07299487292766571,0.022004708647727966,-0.2121373564004898
26.036670446395874,0.10109994560480118,-0.8561107516288757,-0.4784417450428009,0.19058644771575928,-0.1362093836069107,-0.22343836724758148
26.069765329360962,-0.05998106300830841,-0.9082155227661133,-0.4420464336872101,0.09254257380962372,0.07270652800798416,-0.3043780028820038
26.095176935195923,0.001212229602970183,-0.8245101571083069,-0.6717466711997986,-0.025354424491524696,-0.0024299020878970623,-0.302545428276062
26.190277099609375,0.06255104392766953,-0.9248600602149963,-0.4931444823741913,0.2501457929611206,-0.11177477985620499,-0.16387900710105896
26.28056049346924,0.043397821485996246,-0.8370538949966431,-0.47313910722732544,0.14507697522640228,-0.26968345046043396,-0.16815505921840668
26.33675527572632,0.044125158339738846,-0.8645536303520203,-0.515801191329956,0.28832486271858215,-0.1612548679113388,-0.06033735349774361
26.363918781280518,0.05867191031575203,-0.8269223570823669,-0.491216242313385,0.1640138030052185,-0.11238564550876617,-0.008413806557655334
26.419978618621826,0.03515465557575226,-0.7844666242599487,-0.4432515799999237,-0.15119266510009766,0.026586197316646576,0.11681357026100159
26.457505226135254,-0.06195574998855591,-0.9144874215126038,-0.5449656248092651,-0.11772078275680542,0.025839069858193398,-0.01367778517305851
26.48590087890625,-0.07898740470409393,-0.8389836549758911,-0.5083292722702026,-0.00898677110671997,0.16908696293830872,0.19676528871059418
26.56099009513855,-0.2643609642982483,-0.9323381185531616,-0.505436897277832,0.0634007602930069,-0.3654201328754425,0.8305379748344421
26.68604874610901,-0.11008869856595993,-0.9487414956092834,-0.5013394355773926,-0.09511877596378326,-0.497672438621521,0.5828320980072021
26.73766326904297,-0.1068798378109932,-0.9952980875968933,-0.5493041276931763,-0.1336032748222351,-0.621067225933075,0.3122188150882721
26.800076246261597,-0.03825952485203743,-0.9053207635879517,-0.6237819790840149,-0.2967042922973633,-0.7123915553092957,0.022057831287384033
26.84171772003174,-0.10712666809558868,-0.899290144443512,-0.4880829155445099,-1.199257731437683,-0.9591811299324036,-0.36370357871055603
26.870014905929565,0.07515823841094971,-0.7629975080490112,-0.6343872547149658,-0.882218599319458,-1.0697476863861084,-0.3133071959018707
27.016615867614746,0.38403433561325073,-0.5654335021972656,-0.6286025643348694,0.2869774401187897,-0.24630139768123627,-0.7241140604019165
27.064792156219482,0.19056248664855957,-0.44120216369628906,-0.6240230202674866,-0.21362663805484772,-0.3858841061592102,-0.7375531196594238
27.116409301757812,0.276145875453949,-0.34808897972106934,-0.6131767630577087,0.21336816251277924,0.09761574119329453,-0.05521661788225174
27.149133920669556,0.1740761697292328,-0.3726940155029297,-0.7773171663284302,-0.5279167890548706,0.16267287731170654,0.35956087708473206
27.201109647750854,0.22111067175865173,-0.44602668285369873,-0.6339051723480225,0.12754160165786743,0.30897510051727295,0.6582739949226379
27.232752084732056,0.21504953503608704,-0.5408284664154053,-0.6380026936531067,-0.13574130833148956,0.22895176708698273,0.5299922823905945
27.26601767539978,0.14861935377120972,-0.6440731287002563,-0.6088382005691528,0.4971150755882263,0.42992642521858215,0.7358538508415222
